roi,auc,brier,sensitivity,specificity,threshold,accuracy
intra,0.6940418679549114,0.22568342457462812,0.9565217391304348,0.3333333333333333,0.16009713967365255,0.62
ring1,0.8148148148148148,0.19213632959140664,0.8695652173913043,0.7407407407407407,0.28273148793662384,0.8
ring3,0.7471819645732689,0.21629746026942542,0.8695652173913043,0.5925925925925926,0.20688390914967084,0.72
ring5,0.7471819645732689,0.21419884010511073,0.6086956521739131,0.8148148148148148,0.4292980608228822,0.72
