fold,auc
1,0.7468671679197996
2,0.8333333333333334
3,0.7853535353535354
4,0.7777777777777777
5,0.9090909090909092
