{
  "n_cohort": 200,
  "egfr_rate": 0.455,
  "age_mean": 60.415,
  "age_sd": 13.994714544279901,
  "tumor_size_median": 35.55,
  "ring1_auc_holdout": 0.815,
  "ring1_auc_cv_mean": 0.8104000000000001,
  "bootstrap_ci_low": 0.6859903381642513,
  "bootstrap_ci_high": 0.9246794871794872,
  "top_pathway": "PI3K",
  "top_delta_median_p": 0.232
}